# source_patch=generated original-to-PR17 code-and-consumer diff; see verify_split.sh
# source_sha256=0d1b584e0267ab1c5cc8e821b3e420c669ee22aca7bbbd54ad96331c7a8f7cd8
# original_commit=26254111b82a6734053ac7d32ced5fff5e942295
# pr17_commit=27e1d83c21b1c8f5805e6018865ada8190e6615d
# shared_stack_base=2b94440914ea54bcff909105485381a8d53151de
# The source ranges form an exact, ordered partition of the aggregate patch.
# Repeated file headers in artifacts are human-readable scaffolding and are not duplicate hunk ownership.
source_start	source_end	kind	path	owner_type	owner_commit	owner_subject	artifact	artifact_start	artifact_end	basis
1	4	file-header	.github/scripts/run_rocjitsu_hipblaslt_race_check.sh	current-stack-commit	1a1d3704daed96ba2433341accce35a4ef384abd	13-refactor(tensilelite): activate installed runtime and retire source entrypoints	13-refactor-tensilelite-activate-installed-runtime-and-retire-source-entrypoints.patch	1	4	canonical original file header; repeated in other owner files only as patch scaffolding
5	13	hunk	.github/scripts/run_rocjitsu_hipblaslt_race_check.sh	current-stack-commit	1a1d3704daed96ba2433341accce35a4ef384abd	13-refactor(tensilelite): activate installed runtime and retire source entrypoints	13-refactor-tensilelite-activate-installed-runtime-and-retire-source-entrypoints.patch	5	13	exact changed-line overlap; owner=1a1d3704da; score=2
14	25	hunk	.github/scripts/run_rocjitsu_hipblaslt_race_check.sh	current-stack-commit	1a1d3704daed96ba2433341accce35a4ef384abd	13-refactor(tensilelite): activate installed runtime and retire source entrypoints	13-refactor-tensilelite-activate-installed-runtime-and-retire-source-entrypoints.patch	14	25	exact changed-line overlap; owner=1a1d3704da; score=4
26	34	hunk	.github/scripts/run_rocjitsu_hipblaslt_race_check.sh	current-stack-commit	1a1d3704daed96ba2433341accce35a4ef384abd	13-refactor(tensilelite): activate installed runtime and retire source entrypoints	13-refactor-tensilelite-activate-installed-runtime-and-retire-source-entrypoints.patch	26	34	exact changed-line overlap; owner=1a1d3704da; score=2
35	47	hunk	.github/scripts/run_rocjitsu_hipblaslt_race_check.sh	current-stack-commit	1a1d3704daed96ba2433341accce35a4ef384abd	13-refactor(tensilelite): activate installed runtime and retire source entrypoints	13-refactor-tensilelite-activate-installed-runtime-and-retire-source-entrypoints.patch	35	47	exact changed-line overlap; owner=1a1d3704da; score=5
48	55	hunk	.github/scripts/run_rocjitsu_hipblaslt_race_check.sh	current-stack-commit	1a1d3704daed96ba2433341accce35a4ef384abd	13-refactor(tensilelite): activate installed runtime and retire source entrypoints	13-refactor-tensilelite-activate-installed-runtime-and-retire-source-entrypoints.patch	48	55	exact changed-line overlap; owner=1a1d3704da; score=1
56	69	hunk	.github/scripts/run_rocjitsu_hipblaslt_race_check.sh	current-stack-commit	1a1d3704daed96ba2433341accce35a4ef384abd	13-refactor(tensilelite): activate installed runtime and retire source entrypoints	13-refactor-tensilelite-activate-installed-runtime-and-retire-source-entrypoints.patch	56	69	exact changed-line overlap; owner=1a1d3704da; score=7
70	78	hunk	.github/scripts/run_rocjitsu_hipblaslt_race_check.sh	current-stack-commit	1a1d3704daed96ba2433341accce35a4ef384abd	13-refactor(tensilelite): activate installed runtime and retire source entrypoints	13-refactor-tensilelite-activate-installed-runtime-and-retire-source-entrypoints.patch	70	78	exact changed-line overlap; owner=1a1d3704da; score=2
79	82	file-header	.github/workflows/component-ci-tensilelite-coverage.yml	current-stack-commit	5ac5a9cfbf1503aed524c0f27b62865f4e1e410e	15-docs(tensilelite): finalize installed workflow guidance	15-docs-tensilelite-finalize-installed-workflow-guidance.patch	1	4	canonical original file header; repeated in other owner files only as patch scaffolding
83	93	hunk	.github/workflows/component-ci-tensilelite-coverage.yml	current-stack-commit	5ac5a9cfbf1503aed524c0f27b62865f4e1e410e	15-docs(tensilelite): finalize installed workflow guidance	15-docs-tensilelite-finalize-installed-workflow-guidance.patch	5	15	exact changed-line overlap; owner=5ac5a9cfbf; score=4
94	102	hunk	.github/workflows/component-ci-tensilelite-coverage.yml	current-stack-commit	1a1d3704daed96ba2433341accce35a4ef384abd	13-refactor(tensilelite): activate installed runtime and retire source entrypoints	13-refactor-tensilelite-activate-installed-runtime-and-retire-source-entrypoints.patch	83	91	exact changed-line overlap; owner=1a1d3704da; score=2
103	106	file-header	projects/hipblaslt/.agent/docs/targets.json	current-stack-commit	ca4af3392a160eda1fd5d839d507c7a80780f094	3-fix(tensilelite): update consumers for lower-case internal modules	3-fix-tensilelite-update-consumers-for-lower-case-internal-modules.patch	1	4	canonical original file header; repeated in other owner files only as patch scaffolding
107	118	hunk	projects/hipblaslt/.agent/docs/targets.json	current-stack-commit	ca4af3392a160eda1fd5d839d507c7a80780f094	3-fix(tensilelite): update consumers for lower-case internal modules	3-fix-tensilelite-update-consumers-for-lower-case-internal-modules.patch	5	16	exact changed-line overlap; owner=ca4af3392a; score=4
119	122	file-header	projects/hipblaslt/CONTRIBUTING.md	current-stack-commit	5ac5a9cfbf1503aed524c0f27b62865f4e1e410e	15-docs(tensilelite): finalize installed workflow guidance	15-docs-tensilelite-finalize-installed-workflow-guidance.patch	16	19	canonical original file header; repeated in other owner files only as patch scaffolding
123	131	hunk	projects/hipblaslt/CONTRIBUTING.md	current-stack-commit	5ac5a9cfbf1503aed524c0f27b62865f4e1e410e	15-docs(tensilelite): finalize installed workflow guidance	15-docs-tensilelite-finalize-installed-workflow-guidance.patch	20	28	exact changed-line overlap; owner=5ac5a9cfbf; score=1
132	143	hunk	projects/hipblaslt/CONTRIBUTING.md	current-stack-commit	ca4af3392a160eda1fd5d839d507c7a80780f094	3-fix(tensilelite): update consumers for lower-case internal modules	3-fix-tensilelite-update-consumers-for-lower-case-internal-modules.patch	21	32	exact changed-line overlap; owner=ca4af3392a; score=4
144	147	file-header	projects/hipblaslt/README.md	current-stack-commit	1a1d3704daed96ba2433341accce35a4ef384abd	13-refactor(tensilelite): activate installed runtime and retire source entrypoints	13-refactor-tensilelite-activate-installed-runtime-and-retire-source-entrypoints.patch	92	95	canonical original file header; repeated in other owner files only as patch scaffolding
148	158	hunk	projects/hipblaslt/README.md	current-stack-commit	1a1d3704daed96ba2433341accce35a4ef384abd	13-refactor(tensilelite): activate installed runtime and retire source entrypoints	13-refactor-tensilelite-activate-installed-runtime-and-retire-source-entrypoints.patch	96	106	exact changed-line overlap; owner=1a1d3704da; score=4
159	162	file-header	projects/hipblaslt/tensilelite/AGENTS.md	current-stack-commit	5ac5a9cfbf1503aed524c0f27b62865f4e1e410e	15-docs(tensilelite): finalize installed workflow guidance	15-docs-tensilelite-finalize-installed-workflow-guidance.patch	29	32	canonical original file header; repeated in other owner files only as patch scaffolding
163	171	hunk	projects/hipblaslt/tensilelite/AGENTS.md	current-stack-commit	5ac5a9cfbf1503aed524c0f27b62865f4e1e410e	15-docs(tensilelite): finalize installed workflow guidance	15-docs-tensilelite-finalize-installed-workflow-guidance.patch	33	41	exact changed-line overlap; owner=5ac5a9cfbf; score=1
172	180	hunk	projects/hipblaslt/tensilelite/AGENTS.md	current-stack-commit	5ac5a9cfbf1503aed524c0f27b62865f4e1e410e	15-docs(tensilelite): finalize installed workflow guidance	15-docs-tensilelite-finalize-installed-workflow-guidance.patch	42	50	exact changed-line overlap; owner=5ac5a9cfbf; score=2
181	184	file-header	projects/hipblaslt/tensilelite/AGENTS_reference.md	current-stack-commit	5ac5a9cfbf1503aed524c0f27b62865f4e1e410e	15-docs(tensilelite): finalize installed workflow guidance	15-docs-tensilelite-finalize-installed-workflow-guidance.patch	51	54	canonical original file header; repeated in other owner files only as patch scaffolding
185	193	hunk	projects/hipblaslt/tensilelite/AGENTS_reference.md	current-stack-commit	5ac5a9cfbf1503aed524c0f27b62865f4e1e410e	15-docs(tensilelite): finalize installed workflow guidance	15-docs-tensilelite-finalize-installed-workflow-guidance.patch	55	63	exact changed-line overlap; owner=5ac5a9cfbf; score=2
194	202	hunk	projects/hipblaslt/tensilelite/AGENTS_reference.md	current-stack-commit	5ac5a9cfbf1503aed524c0f27b62865f4e1e410e	15-docs(tensilelite): finalize installed workflow guidance	15-docs-tensilelite-finalize-installed-workflow-guidance.patch	64	72	exact changed-line overlap; owner=5ac5a9cfbf; score=2
203	206	file-header	projects/hipblaslt/tensilelite/README.md	current-stack-commit	5ac5a9cfbf1503aed524c0f27b62865f4e1e410e	15-docs(tensilelite): finalize installed workflow guidance	15-docs-tensilelite-finalize-installed-workflow-guidance.patch	73	76	canonical original file header; repeated in other owner files only as patch scaffolding
207	217	hunk	projects/hipblaslt/tensilelite/README.md	current-stack-commit	5ac5a9cfbf1503aed524c0f27b62865f4e1e410e	15-docs(tensilelite): finalize installed workflow guidance	15-docs-tensilelite-finalize-installed-workflow-guidance.patch	77	87	exact changed-line overlap; owner=5ac5a9cfbf; score=2
218	229	hunk	projects/hipblaslt/tensilelite/README.md	current-stack-commit	5ac5a9cfbf1503aed524c0f27b62865f4e1e410e	15-docs(tensilelite): finalize installed workflow guidance	15-docs-tensilelite-finalize-installed-workflow-guidance.patch	88	99	exact changed-line overlap; owner=5ac5a9cfbf; score=4
230	241	hunk	projects/hipblaslt/tensilelite/README.md	current-stack-commit	5ac5a9cfbf1503aed524c0f27b62865f4e1e410e	15-docs(tensilelite): finalize installed workflow guidance	15-docs-tensilelite-finalize-installed-workflow-guidance.patch	100	111	exact changed-line overlap; owner=5ac5a9cfbf; score=3
242	251	hunk	projects/hipblaslt/tensilelite/README.md	current-stack-commit	5ac5a9cfbf1503aed524c0f27b62865f4e1e410e	15-docs(tensilelite): finalize installed workflow guidance	15-docs-tensilelite-finalize-installed-workflow-guidance.patch	112	121	exact changed-line overlap; owner=5ac5a9cfbf; score=2
252	255	file-header	projects/hipblaslt/tensilelite/scripts/precommit_affected_tests.py	current-stack-commit	210ae6d7986d819614ce56491fc99d5ed9e7daba	14-refactor(tensilelite): finalize generator and metadata cleanup	14-refactor-tensilelite-finalize-generator-and-metadata-cleanup.patch	1	4	canonical original file header; repeated in other owner files only as patch scaffolding
256	264	hunk	projects/hipblaslt/tensilelite/scripts/precommit_affected_tests.py	current-stack-commit	210ae6d7986d819614ce56491fc99d5ed9e7daba	14-refactor(tensilelite): finalize generator and metadata cleanup	14-refactor-tensilelite-finalize-generator-and-metadata-cleanup.patch	5	13	exact changed-line overlap; owner=210ae6d798; score=1
265	268	file-header	projects/hipblaslt/tensilelite/setup.py	current-stack-commit	dbb5ce3a2aaf18081ec3ba00fd8755eb9cd926bd	13-test(tensilelite): configure installed tox workflows	13-test-tensilelite-configure-installed-tox-workflows.patch	1	4	canonical original file header; repeated in other owner files only as patch scaffolding
269	296	hunk	projects/hipblaslt/tensilelite/setup.py	current-stack-commit	dbb5ce3a2aaf18081ec3ba00fd8755eb9cd926bd	13-test(tensilelite): configure installed tox workflows	13-test-tensilelite-configure-installed-tox-workflows.patch	5	32	exact changed-line overlap; owner=dbb5ce3a2a; score=19
297	300	file-header	projects/hipblaslt/tensilelite/tasks.py	current-stack-commit	15477ccba3d8f4827b6c17ed3f95e21457f75cf8	9-build(tensilelite): make ROCm version a wheel build input	9-build-tensilelite-make-rocm-version-a-wheel-build-input.patch	1	4	canonical original file header; repeated in other owner files only as patch scaffolding
301	308	hunk	projects/hipblaslt/tensilelite/tasks.py	current-stack-commit	15477ccba3d8f4827b6c17ed3f95e21457f75cf8	9-build(tensilelite): make ROCm version a wheel build input	9-build-tensilelite-make-rocm-version-a-wheel-build-input.patch	5	12	manual: blank-line scaffolding introduced with the ROCm-version helper
309	317	hunk	projects/hipblaslt/tensilelite/tasks.py	current-stack-commit	15477ccba3d8f4827b6c17ed3f95e21457f75cf8	9-build(tensilelite): make ROCm version a wheel build input	9-build-tensilelite-make-rocm-version-a-wheel-build-input.patch	13	21	manual: blank-line scaffolding introduced with the ROCm-version helper
318	326	hunk	projects/hipblaslt/tensilelite/tasks.py	unattributed	-	unattributed vs original: no current stack commit	unattributed-vs-original-no-current-stack-commit.patch	5	13	no current-stack commit: current inherited the f-string from shared PR 1; original changed it later
327	337	hunk	projects/hipblaslt/tensilelite/tasks.py	current-stack-commit	cb4bda2dec1aeda6d7a009ac0cf44bfea8ce0114	4-build(tensilelite): make rocisa externally supplied	4-build-tensilelite-make-rocisa-externally-supplied.patch	5	15	exact changed-line overlap; owner=cb4bda2dec; score=1
338	351	hunk	projects/hipblaslt/tensilelite/tasks.py	current-stack-commit	1a8e68a4356a9a9418e9a9076bbf47419552f275	7-build(tensilelite): bind source installs to built clients	7-build-tensilelite-bind-source-installs-to-built-clients.patch	5	18	manual: blank-line scaffolding introduced with the source-install workflow
352	365	hunk	projects/hipblaslt/tensilelite/tasks.py	current-stack-commit	1a8e68a4356a9a9418e9a9076bbf47419552f275	7-build(tensilelite): bind source installs to built clients	7-build-tensilelite-bind-source-installs-to-built-clients.patch	19	32	exact changed-line overlap; owner=1a8e68a435; score=1
366	374	hunk	projects/hipblaslt/tensilelite/tasks.py	current-stack-commit	1a8e68a4356a9a9418e9a9076bbf47419552f275	7-build(tensilelite): bind source installs to built clients	7-build-tensilelite-bind-source-installs-to-built-clients.patch	33	41	exact changed-line overlap; owner=1a8e68a435; score=1
375	383	hunk	projects/hipblaslt/tensilelite/tasks.py	current-stack-commit	1a8e68a4356a9a9418e9a9076bbf47419552f275	7-build(tensilelite): bind source installs to built clients	7-build-tensilelite-bind-source-installs-to-built-clients.patch	42	50	manual: blank-line scaffolding introduced with the source-install workflow
384	391	hunk	projects/hipblaslt/tensilelite/tasks.py	current-stack-commit	1a8e68a4356a9a9418e9a9076bbf47419552f275	7-build(tensilelite): bind source installs to built clients	7-build-tensilelite-bind-source-installs-to-built-clients.patch	51	58	manual: blank-line scaffolding introduced with the source-install workflow
392	395	file-header	projects/hipblaslt/tensilelite/tensilelite/Tests/unit/characterization/GenerateSummations/test_generate_summations_char.py	current-stack-commit	d054f7a7a969bffe42c822945546a79e5873492e	8-fix(tensilelite): remove pandas from the generator path	8-fix-tensilelite-remove-pandas-from-the-generator-path.patch	1	4	canonical original file header; repeated in other owner files only as patch scaffolding
396	420	hunk	projects/hipblaslt/tensilelite/tensilelite/Tests/unit/characterization/GenerateSummations/test_generate_summations_char.py	current-stack-commit	d054f7a7a969bffe42c822945546a79e5873492e	8-fix(tensilelite): remove pandas from the generator path	8-fix-tensilelite-remove-pandas-from-the-generator-path.patch	5	29	exact changed-line overlap; owner=d054f7a7a9; candidates=10:d054f7a7a9,3:210ae6d798,1:b577f90cdb
421	425	hunk	projects/hipblaslt/tensilelite/tensilelite/Tests/unit/characterization/GenerateSummations/test_generate_summations_char.py	current-stack-commit	d054f7a7a969bffe42c822945546a79e5873492e	8-fix(tensilelite): remove pandas from the generator path	8-fix-tensilelite-remove-pandas-from-the-generator-path.patch	30	34	manual: trailing-blank deletion belongs to the adjacent pandas-removal hunk
426	429	file-header	projects/hipblaslt/tensilelite/tensilelite/Tests/unit/characterization/Naming/test_mut_Naming_char.py	current-stack-commit	42df169903d1ddaf061e013af4367dc4dec5b0ea	2-fix(tensilelite): complete moved package consumer closure	2-fix-tensilelite-complete-moved-package-consumer-closure.patch	1	4	canonical original file header; repeated in other owner files only as patch scaffolding
430	442	hunk	projects/hipblaslt/tensilelite/tensilelite/Tests/unit/characterization/Naming/test_mut_Naming_char.py	current-stack-commit	42df169903d1ddaf061e013af4367dc4dec5b0ea	2-fix(tensilelite): complete moved package consumer closure	2-fix-tensilelite-complete-moved-package-consumer-closure.patch	5	17	exact changed-line overlap; owner=42df169903; score=6
443	446	file-header	projects/hipblaslt/tensilelite/tensilelite/Tests/unit/characterization/ParseArguments/test_parse_arguments_char.py	current-stack-commit	b577f90cdbdcec07f696e94ac59d53d81599759a	4-refactor(tensilelite): invoke library generation through package handlers	4-refactor-tensilelite-invoke-library-generation-through-package-handlers.patch	1	4	canonical original file header; repeated in other owner files only as patch scaffolding
447	457	hunk	projects/hipblaslt/tensilelite/tensilelite/Tests/unit/characterization/ParseArguments/test_parse_arguments_char.py	current-stack-commit	b577f90cdbdcec07f696e94ac59d53d81599759a	4-refactor(tensilelite): invoke library generation through package handlers	4-refactor-tensilelite-invoke-library-generation-through-package-handlers.patch	5	15	exact changed-line overlap; owner=b577f90cdb; score=2
458	479	hunk	projects/hipblaslt/tensilelite/tensilelite/Tests/unit/characterization/ParseArguments/test_parse_arguments_char.py	current-stack-commit	b577f90cdbdcec07f696e94ac59d53d81599759a	4-refactor(tensilelite): invoke library generation through package handlers	4-refactor-tensilelite-invoke-library-generation-through-package-handlers.patch	16	37	exact changed-line overlap; owner=b577f90cdb; candidates=4:b577f90cdb,3:2bf56bbfec
480	483	file-header	projects/hipblaslt/tensilelite/tensilelite/Tests/unit/characterization/PublicInputSurface/test_pchaos_Tensile_L25_char.py	current-stack-commit	2bf56bbfecf1abca06ef56390009a37f59d22d82	2-refactor(tensilelite): move test namespace paths (part 6)	2-refactor-tensilelite-move-test-namespace-paths-part-6.patch	1	4	canonical original file header; repeated in other owner files only as patch scaffolding
484	495	hunk	projects/hipblaslt/tensilelite/tensilelite/Tests/unit/characterization/PublicInputSurface/test_pchaos_Tensile_L25_char.py	current-stack-commit	2bf56bbfecf1abca06ef56390009a37f59d22d82	2-refactor(tensilelite): move test namespace paths (part 6)	2-refactor-tensilelite-move-test-namespace-paths-part-6.patch	5	16	exact changed-line overlap; owner=2bf56bbfec; candidates=2:2bf56bbfec,1:ca4af3392a
496	499	file-header	projects/hipblaslt/tensilelite/tensilelite/Tests/unit/characterization/PublicInputSurfaceDeep/test_pchaos_Validators_L97_char.py	current-stack-commit	27e1d83c21b1c8f5805e6018865ada8190e6615d	17-test(tensilelite): preserve runtime and validator coverage	17-test-tensilelite-preserve-runtime-and-validator-coverage.patch	1	4	canonical original file header; repeated in other owner files only as patch scaffolding
500	560	hunk	projects/hipblaslt/tensilelite/tensilelite/Tests/unit/characterization/PublicInputSurfaceDeep/test_pchaos_Validators_L97_char.py	current-stack-commit	27e1d83c21b1c8f5805e6018865ada8190e6615d	17-test(tensilelite): preserve runtime and validator coverage	17-test-tensilelite-preserve-runtime-and-validator-coverage.patch	5	65	exact changed-line overlap; owner=27e1d83c21; candidates=15:27e1d83c21,2:2bf56bbfec
561	564	file-header	projects/hipblaslt/tensilelite/tensilelite/Tests/unit/characterization/SolutionStructsUtils/test_mut_Utilities_reject_char.py	current-stack-commit	42df169903d1ddaf061e013af4367dc4dec5b0ea	2-fix(tensilelite): complete moved package consumer closure	2-fix-tensilelite-complete-moved-package-consumer-closure.patch	18	21	canonical original file header; repeated in other owner files only as patch scaffolding
565	573	hunk	projects/hipblaslt/tensilelite/tensilelite/Tests/unit/characterization/SolutionStructsUtils/test_mut_Utilities_reject_char.py	current-stack-commit	42df169903d1ddaf061e013af4367dc4dec5b0ea	2-fix(tensilelite): complete moved package consumer closure	2-fix-tensilelite-complete-moved-package-consumer-closure.patch	22	30	exact changed-line overlap; owner=42df169903; score=2
574	577	file-header	projects/hipblaslt/tensilelite/tensilelite/Tests/unit/characterization/ToolchainValidators/test_toolchain_validators_char.py	current-stack-commit	27e1d83c21b1c8f5805e6018865ada8190e6615d	17-test(tensilelite): preserve runtime and validator coverage	17-test-tensilelite-preserve-runtime-and-validator-coverage.patch	66	69	canonical original file header; repeated in other owner files only as patch scaffolding
578	830	hunk	projects/hipblaslt/tensilelite/tensilelite/Tests/unit/characterization/ToolchainValidators/test_toolchain_validators_char.py	current-stack-commit	27e1d83c21b1c8f5805e6018865ada8190e6615d	17-test(tensilelite): preserve runtime and validator coverage	17-test-tensilelite-preserve-runtime-and-validator-coverage.patch	70	322	exact changed-line overlap; owner=27e1d83c21; candidates=197:27e1d83c21,4:d9c01b0d91
831	834	file-header	projects/hipblaslt/tensilelite/tensilelite/Tests/unit/characterization/_codegen/char_paths.py	current-stack-commit	ca4af3392a160eda1fd5d839d507c7a80780f094	3-fix(tensilelite): update consumers for lower-case internal modules	3-fix-tensilelite-update-consumers-for-lower-case-internal-modules.patch	33	36	canonical original file header; repeated in other owner files only as patch scaffolding
835	851	hunk	projects/hipblaslt/tensilelite/tensilelite/Tests/unit/characterization/_codegen/char_paths.py	current-stack-commit	ca4af3392a160eda1fd5d839d507c7a80780f094	3-fix(tensilelite): update consumers for lower-case internal modules	3-fix-tensilelite-update-consumers-for-lower-case-internal-modules.patch	37	53	exact changed-line overlap; owner=ca4af3392a; score=4
852	868	hunk	projects/hipblaslt/tensilelite/tensilelite/Tests/unit/characterization/_codegen/char_paths.py	current-stack-commit	ca4af3392a160eda1fd5d839d507c7a80780f094	3-fix(tensilelite): update consumers for lower-case internal modules	3-fix-tensilelite-update-consumers-for-lower-case-internal-modules.patch	54	70	exact changed-line overlap; owner=ca4af3392a; score=4
869	872	file-header	projects/hipblaslt/tensilelite/tensilelite/Tests/unit/characterization/_codegen/test_r3_streamk_tdm_sgpr_budget_gfx1250_char.py	current-stack-commit	42df169903d1ddaf061e013af4367dc4dec5b0ea	2-fix(tensilelite): complete moved package consumer closure	2-fix-tensilelite-complete-moved-package-consumer-closure.patch	31	34	canonical original file header; repeated in other owner files only as patch scaffolding
873	887	hunk	projects/hipblaslt/tensilelite/tensilelite/Tests/unit/characterization/_codegen/test_r3_streamk_tdm_sgpr_budget_gfx1250_char.py	current-stack-commit	42df169903d1ddaf061e013af4367dc4dec5b0ea	2-fix(tensilelite): complete moved package consumer closure	2-fix-tensilelite-complete-moved-package-consumer-closure.patch	35	49	exact changed-line overlap; owner=42df169903; candidates=7:42df169903,1:ca4af3392a
888	891	file-header	projects/hipblaslt/tensilelite/tensilelite/Tests/unit/characterization/coverage-baseline.json	current-stack-commit	449986d78de54c8ccb7d33254f236b99d1d95d54	2-refactor(tensilelite): update test namespace references (part 3)	2-refactor-tensilelite-update-test-namespace-references-part-3.patch	1	4	canonical original file header; repeated in other owner files only as patch scaffolding
892	899	hunk	projects/hipblaslt/tensilelite/tensilelite/Tests/unit/characterization/coverage-baseline.json	current-stack-commit	449986d78de54c8ccb7d33254f236b99d1d95d54	2-refactor(tensilelite): update test namespace references (part 3)	2-refactor-tensilelite-update-test-namespace-references-part-3.patch	5	12	exact changed-line overlap; owner=449986d78d; score=1
900	929	hunk	projects/hipblaslt/tensilelite/tensilelite/Tests/unit/characterization/coverage-baseline.json	current-stack-commit	ca4af3392a160eda1fd5d839d507c7a80780f094	3-fix(tensilelite): update consumers for lower-case internal modules	3-fix-tensilelite-update-consumers-for-lower-case-internal-modules.patch	75	104	exact changed-line overlap; owner=ca4af3392a; score=10
930	933	file-header	projects/hipblaslt/tensilelite/tensilelite/Tests/unit/source_only/README.md	current-stack-commit	c078e1ead9ad641567fc3f1430aa3a6778edc31d	8-refactor(tensilelite): classify source-only unit tests	8-refactor-tensilelite-classify-source-only-unit-tests.patch	1	4	canonical original file header; repeated in other owner files only as patch scaffolding
934	955	hunk	projects/hipblaslt/tensilelite/tensilelite/Tests/unit/source_only/README.md	current-stack-commit	c078e1ead9ad641567fc3f1430aa3a6778edc31d	8-refactor(tensilelite): classify source-only unit tests	8-refactor-tensilelite-classify-source-only-unit-tests.patch	5	26	exact changed-line overlap; owner=c078e1ead9; score=5
956	959	file-header	projects/hipblaslt/tensilelite/tensilelite/Tests/unit/source_only/test_install_task.py	current-stack-commit	c078e1ead9ad641567fc3f1430aa3a6778edc31d	8-refactor(tensilelite): classify source-only unit tests	8-refactor-tensilelite-classify-source-only-unit-tests.patch	27	30	canonical original file header; repeated in other owner files only as patch scaffolding
960	970	hunk	projects/hipblaslt/tensilelite/tensilelite/Tests/unit/source_only/test_install_task.py	current-stack-commit	c078e1ead9ad641567fc3f1430aa3a6778edc31d	8-refactor(tensilelite): classify source-only unit tests	8-refactor-tensilelite-classify-source-only-unit-tests.patch	31	41	exact changed-line overlap; owner=c078e1ead9; score=3
971	980	hunk	projects/hipblaslt/tensilelite/tensilelite/Tests/unit/source_only/test_install_task.py	current-stack-commit	c078e1ead9ad641567fc3f1430aa3a6778edc31d	8-refactor(tensilelite): classify source-only unit tests	8-refactor-tensilelite-classify-source-only-unit-tests.patch	42	51	exact changed-line overlap; owner=c078e1ead9; score=2
981	1078	hunk	projects/hipblaslt/tensilelite/tensilelite/Tests/unit/source_only/test_install_task.py	current-stack-commit	c078e1ead9ad641567fc3f1430aa3a6778edc31d	8-refactor(tensilelite): classify source-only unit tests	8-refactor-tensilelite-classify-source-only-unit-tests.patch	52	149	exact changed-line overlap; owner=c078e1ead9; candidates=74:c078e1ead9,6:15477ccba3
1079	1082	file-header	projects/hipblaslt/tensilelite/tensilelite/Tests/unit/source_only/test_precommit_affected_tests.py	current-stack-commit	c078e1ead9ad641567fc3f1430aa3a6778edc31d	8-refactor(tensilelite): classify source-only unit tests	8-refactor-tensilelite-classify-source-only-unit-tests.patch	150	153	canonical original file header; repeated in other owner files only as patch scaffolding
1083	1102	hunk	projects/hipblaslt/tensilelite/tensilelite/Tests/unit/source_only/test_precommit_affected_tests.py	current-stack-commit	c078e1ead9ad641567fc3f1430aa3a6778edc31d	8-refactor(tensilelite): classify source-only unit tests	8-refactor-tensilelite-classify-source-only-unit-tests.patch	154	173	exact changed-line overlap; owner=c078e1ead9; score=8
1103	1106	file-header	projects/hipblaslt/tensilelite/tensilelite/Tests/unit/source_only/test_release_metadata.py	current-stack-commit	dbb5ce3a2aaf18081ec3ba00fd8755eb9cd926bd	13-test(tensilelite): configure installed tox workflows	13-test-tensilelite-configure-installed-tox-workflows.patch	33	36	canonical original file header; repeated in other owner files only as patch scaffolding
1107	1117	hunk	projects/hipblaslt/tensilelite/tensilelite/Tests/unit/source_only/test_release_metadata.py	current-stack-commit	dbb5ce3a2aaf18081ec3ba00fd8755eb9cd926bd	13-test(tensilelite): configure installed tox workflows	13-test-tensilelite-configure-installed-tox-workflows.patch	37	47	exact changed-line overlap; owner=dbb5ce3a2a; score=3
1118	1139	hunk	projects/hipblaslt/tensilelite/tensilelite/Tests/unit/source_only/test_release_metadata.py	current-stack-commit	210ae6d7986d819614ce56491fc99d5ed9e7daba	14-refactor(tensilelite): finalize generator and metadata cleanup	14-refactor-tensilelite-finalize-generator-and-metadata-cleanup.patch	18	39	exact changed-line overlap; owner=210ae6d798; candidates=2:210ae6d798,2:15477ccba3,1:c078e1ead9
1140	1172	hunk	projects/hipblaslt/tensilelite/tensilelite/Tests/unit/source_only/test_release_metadata.py	current-stack-commit	dbb5ce3a2aaf18081ec3ba00fd8755eb9cd926bd	13-test(tensilelite): configure installed tox workflows	13-test-tensilelite-configure-installed-tox-workflows.patch	48	80	exact changed-line overlap; owner=dbb5ce3a2a; candidates=19:dbb5ce3a2a,4:c078e1ead9,1:210ae6d798
1173	1176	file-header	projects/hipblaslt/tensilelite/tensilelite/Tests/unit/source_only/test_specs_amdsmi.py	current-stack-commit	c078e1ead9ad641567fc3f1430aa3a6778edc31d	8-refactor(tensilelite): classify source-only unit tests	8-refactor-tensilelite-classify-source-only-unit-tests.patch	174	177	canonical original file header; repeated in other owner files only as patch scaffolding
1177	1185	hunk	projects/hipblaslt/tensilelite/tensilelite/Tests/unit/source_only/test_specs_amdsmi.py	current-stack-commit	c078e1ead9ad641567fc3f1430aa3a6778edc31d	8-refactor(tensilelite): classify source-only unit tests	8-refactor-tensilelite-classify-source-only-unit-tests.patch	178	186	exact changed-line overlap; owner=c078e1ead9; score=1
1186	1189	file-header	projects/hipblaslt/tensilelite/tensilelite/Tests/unit/test_TensileLogic_Run.py	current-stack-commit	b577f90cdbdcec07f696e94ac59d53d81599759a	4-refactor(tensilelite): invoke library generation through package handlers	4-refactor-tensilelite-invoke-library-generation-through-package-handlers.patch	38	41	canonical original file header; repeated in other owner files only as patch scaffolding
1190	1219	hunk	projects/hipblaslt/tensilelite/tensilelite/Tests/unit/test_TensileLogic_Run.py	current-stack-commit	b577f90cdbdcec07f696e94ac59d53d81599759a	4-refactor(tensilelite): invoke library generation through package handlers	4-refactor-tensilelite-invoke-library-generation-through-package-handlers.patch	42	71	exact changed-line overlap; owner=b577f90cdb; candidates=20:b577f90cdb,3:ca4af3392a,2:54e647fa4b
1220	1244	hunk	projects/hipblaslt/tensilelite/tensilelite/Tests/unit/test_TensileLogic_Run.py	current-stack-commit	b577f90cdbdcec07f696e94ac59d53d81599759a	4-refactor(tensilelite): invoke library generation through package handlers	4-refactor-tensilelite-invoke-library-generation-through-package-handlers.patch	72	96	exact changed-line overlap; owner=b577f90cdb; candidates=15:b577f90cdb,3:ca4af3392a,3:54e647fa4b
1245	1248	file-header	projects/hipblaslt/tensilelite/tensilelite/Tests/unit/test_generate_summations_csv.py	current-stack-commit	d054f7a7a969bffe42c822945546a79e5873492e	8-fix(tensilelite): remove pandas from the generator path	8-fix-tensilelite-remove-pandas-from-the-generator-path.patch	35	38	canonical original file header; repeated in other owner files only as patch scaffolding
1249	1272	hunk	projects/hipblaslt/tensilelite/tensilelite/Tests/unit/test_generate_summations_csv.py	current-stack-commit	d054f7a7a969bffe42c822945546a79e5873492e	8-fix(tensilelite): remove pandas from the generator path	8-fix-tensilelite-remove-pandas-from-the-generator-path.patch	39	62	exact changed-line overlap; owner=d054f7a7a9; score=8
1273	1276	file-header	projects/hipblaslt/tensilelite/tensilelite/Tests/unit/test_gfx1250_asic_revision.py	current-stack-commit	42df169903d1ddaf061e013af4367dc4dec5b0ea	2-fix(tensilelite): complete moved package consumer closure	2-fix-tensilelite-complete-moved-package-consumer-closure.patch	50	53	canonical original file header; repeated in other owner files only as patch scaffolding
1277	1285	hunk	projects/hipblaslt/tensilelite/tensilelite/Tests/unit/test_gfx1250_asic_revision.py	current-stack-commit	42df169903d1ddaf061e013af4367dc4dec5b0ea	2-fix(tensilelite): complete moved package consumer closure	2-fix-tensilelite-complete-moved-package-consumer-closure.patch	54	62	exact changed-line overlap; owner=42df169903; score=2
1286	1302	hunk	projects/hipblaslt/tensilelite/tensilelite/Tests/unit/test_gfx1250_asic_revision.py	current-stack-commit	42df169903d1ddaf061e013af4367dc4dec5b0ea	2-fix(tensilelite): complete moved package consumer closure	2-fix-tensilelite-complete-moved-package-consumer-closure.patch	63	79	exact changed-line overlap; owner=42df169903; score=10
1303	1311	hunk	projects/hipblaslt/tensilelite/tensilelite/Tests/unit/test_gfx1250_asic_revision.py	current-stack-commit	42df169903d1ddaf061e013af4367dc4dec5b0ea	2-fix(tensilelite): complete moved package consumer closure	2-fix-tensilelite-complete-moved-package-consumer-closure.patch	80	88	exact changed-line overlap; owner=42df169903; score=2
1312	1322	hunk	projects/hipblaslt/tensilelite/tensilelite/Tests/unit/test_gfx1250_asic_revision.py	current-stack-commit	42df169903d1ddaf061e013af4367dc4dec5b0ea	2-fix(tensilelite): complete moved package consumer closure	2-fix-tensilelite-complete-moved-package-consumer-closure.patch	89	99	exact changed-line overlap; owner=42df169903; score=4
1323	1333	hunk	projects/hipblaslt/tensilelite/tensilelite/Tests/unit/test_gfx1250_asic_revision.py	current-stack-commit	42df169903d1ddaf061e013af4367dc4dec5b0ea	2-fix(tensilelite): complete moved package consumer closure	2-fix-tensilelite-complete-moved-package-consumer-closure.patch	100	110	exact changed-line overlap; owner=42df169903; score=4
1334	1342	hunk	projects/hipblaslt/tensilelite/tensilelite/Tests/unit/test_gfx1250_asic_revision.py	current-stack-commit	42df169903d1ddaf061e013af4367dc4dec5b0ea	2-fix(tensilelite): complete moved package consumer closure	2-fix-tensilelite-complete-moved-package-consumer-closure.patch	111	119	exact changed-line overlap; owner=42df169903; score=2
1343	1355	hunk	projects/hipblaslt/tensilelite/tensilelite/Tests/unit/test_gfx1250_asic_revision.py	current-stack-commit	42df169903d1ddaf061e013af4367dc4dec5b0ea	2-fix(tensilelite): complete moved package consumer closure	2-fix-tensilelite-complete-moved-package-consumer-closure.patch	120	132	exact changed-line overlap; owner=42df169903; candidates=5:42df169903,1:ca4af3392a
1356	1372	hunk	projects/hipblaslt/tensilelite/tensilelite/Tests/unit/test_gfx1250_asic_revision.py	current-stack-commit	42df169903d1ddaf061e013af4367dc4dec5b0ea	2-fix(tensilelite): complete moved package consumer closure	2-fix-tensilelite-complete-moved-package-consumer-closure.patch	133	149	exact changed-line overlap; owner=42df169903; candidates=9:42df169903,1:ca4af3392a
1373	1383	hunk	projects/hipblaslt/tensilelite/tensilelite/Tests/unit/test_gfx1250_asic_revision.py	current-stack-commit	42df169903d1ddaf061e013af4367dc4dec5b0ea	2-fix(tensilelite): complete moved package consumer closure	2-fix-tensilelite-complete-moved-package-consumer-closure.patch	150	160	exact changed-line overlap; owner=42df169903; score=4
1384	1392	hunk	projects/hipblaslt/tensilelite/tensilelite/Tests/unit/test_gfx1250_asic_revision.py	current-stack-commit	42df169903d1ddaf061e013af4367dc4dec5b0ea	2-fix(tensilelite): complete moved package consumer closure	2-fix-tensilelite-complete-moved-package-consumer-closure.patch	161	169	exact changed-line overlap; owner=42df169903; score=2
1393	1401	hunk	projects/hipblaslt/tensilelite/tensilelite/Tests/unit/test_gfx1250_asic_revision.py	current-stack-commit	ca4af3392a160eda1fd5d839d507c7a80780f094	3-fix(tensilelite): update consumers for lower-case internal modules	3-fix-tensilelite-update-consumers-for-lower-case-internal-modules.patch	109	117	exact changed-line overlap; owner=ca4af3392a; candidates=1:ca4af3392a,1:42df169903
1402	1410	hunk	projects/hipblaslt/tensilelite/tensilelite/Tests/unit/test_gfx1250_asic_revision.py	current-stack-commit	ca4af3392a160eda1fd5d839d507c7a80780f094	3-fix(tensilelite): update consumers for lower-case internal modules	3-fix-tensilelite-update-consumers-for-lower-case-internal-modules.patch	118	126	exact changed-line overlap; owner=ca4af3392a; score=2
1411	1419	hunk	projects/hipblaslt/tensilelite/tensilelite/Tests/unit/test_gfx1250_asic_revision.py	current-stack-commit	ca4af3392a160eda1fd5d839d507c7a80780f094	3-fix(tensilelite): update consumers for lower-case internal modules	3-fix-tensilelite-update-consumers-for-lower-case-internal-modules.patch	127	135	exact changed-line overlap; owner=ca4af3392a; score=2
1420	1428	hunk	projects/hipblaslt/tensilelite/tensilelite/Tests/unit/test_gfx1250_asic_revision.py	current-stack-commit	ca4af3392a160eda1fd5d839d507c7a80780f094	3-fix(tensilelite): update consumers for lower-case internal modules	3-fix-tensilelite-update-consumers-for-lower-case-internal-modules.patch	136	144	exact changed-line overlap; owner=ca4af3392a; score=2
1429	1437	hunk	projects/hipblaslt/tensilelite/tensilelite/Tests/unit/test_gfx1250_asic_revision.py	current-stack-commit	ca4af3392a160eda1fd5d839d507c7a80780f094	3-fix(tensilelite): update consumers for lower-case internal modules	3-fix-tensilelite-update-consumers-for-lower-case-internal-modules.patch	145	153	exact changed-line overlap; owner=ca4af3392a; score=2
1438	1446	hunk	projects/hipblaslt/tensilelite/tensilelite/Tests/unit/test_gfx1250_asic_revision.py	current-stack-commit	ca4af3392a160eda1fd5d839d507c7a80780f094	3-fix(tensilelite): update consumers for lower-case internal modules	3-fix-tensilelite-update-consumers-for-lower-case-internal-modules.patch	154	162	exact changed-line overlap; owner=ca4af3392a; score=2
1447	1455	hunk	projects/hipblaslt/tensilelite/tensilelite/Tests/unit/test_gfx1250_asic_revision.py	current-stack-commit	ca4af3392a160eda1fd5d839d507c7a80780f094	3-fix(tensilelite): update consumers for lower-case internal modules	3-fix-tensilelite-update-consumers-for-lower-case-internal-modules.patch	163	171	exact changed-line overlap; owner=ca4af3392a; score=2
1456	1464	hunk	projects/hipblaslt/tensilelite/tensilelite/Tests/unit/test_gfx1250_asic_revision.py	current-stack-commit	ca4af3392a160eda1fd5d839d507c7a80780f094	3-fix(tensilelite): update consumers for lower-case internal modules	3-fix-tensilelite-update-consumers-for-lower-case-internal-modules.patch	172	180	exact changed-line overlap; owner=ca4af3392a; score=2
1465	1473	hunk	projects/hipblaslt/tensilelite/tensilelite/Tests/unit/test_gfx1250_asic_revision.py	current-stack-commit	ca4af3392a160eda1fd5d839d507c7a80780f094	3-fix(tensilelite): update consumers for lower-case internal modules	3-fix-tensilelite-update-consumers-for-lower-case-internal-modules.patch	181	189	exact changed-line overlap; owner=ca4af3392a; score=2
1474	1482	hunk	projects/hipblaslt/tensilelite/tensilelite/Tests/unit/test_gfx1250_asic_revision.py	current-stack-commit	ca4af3392a160eda1fd5d839d507c7a80780f094	3-fix(tensilelite): update consumers for lower-case internal modules	3-fix-tensilelite-update-consumers-for-lower-case-internal-modules.patch	190	198	exact changed-line overlap; owner=ca4af3392a; score=2
1483	1491	hunk	projects/hipblaslt/tensilelite/tensilelite/Tests/unit/test_gfx1250_asic_revision.py	current-stack-commit	ca4af3392a160eda1fd5d839d507c7a80780f094	3-fix(tensilelite): update consumers for lower-case internal modules	3-fix-tensilelite-update-consumers-for-lower-case-internal-modules.patch	199	207	exact changed-line overlap; owner=ca4af3392a; score=2
1492	1500	hunk	projects/hipblaslt/tensilelite/tensilelite/Tests/unit/test_gfx1250_asic_revision.py	current-stack-commit	ca4af3392a160eda1fd5d839d507c7a80780f094	3-fix(tensilelite): update consumers for lower-case internal modules	3-fix-tensilelite-update-consumers-for-lower-case-internal-modules.patch	208	216	exact changed-line overlap; owner=ca4af3392a; score=2
1501	1509	hunk	projects/hipblaslt/tensilelite/tensilelite/Tests/unit/test_gfx1250_asic_revision.py	current-stack-commit	ca4af3392a160eda1fd5d839d507c7a80780f094	3-fix(tensilelite): update consumers for lower-case internal modules	3-fix-tensilelite-update-consumers-for-lower-case-internal-modules.patch	217	225	exact changed-line overlap; owner=ca4af3392a; score=2
1510	1518	hunk	projects/hipblaslt/tensilelite/tensilelite/Tests/unit/test_gfx1250_asic_revision.py	current-stack-commit	ca4af3392a160eda1fd5d839d507c7a80780f094	3-fix(tensilelite): update consumers for lower-case internal modules	3-fix-tensilelite-update-consumers-for-lower-case-internal-modules.patch	226	234	exact changed-line overlap; owner=ca4af3392a; candidates=1:ca4af3392a,1:42df169903
1519	1527	hunk	projects/hipblaslt/tensilelite/tensilelite/Tests/unit/test_gfx1250_asic_revision.py	current-stack-commit	42df169903d1ddaf061e013af4367dc4dec5b0ea	2-fix(tensilelite): complete moved package consumer closure	2-fix-tensilelite-complete-moved-package-consumer-closure.patch	170	178	exact changed-line overlap; owner=42df169903; score=2
1528	1536	hunk	projects/hipblaslt/tensilelite/tensilelite/Tests/unit/test_gfx1250_asic_revision.py	current-stack-commit	42df169903d1ddaf061e013af4367dc4dec5b0ea	2-fix(tensilelite): complete moved package consumer closure	2-fix-tensilelite-complete-moved-package-consumer-closure.patch	179	187	exact changed-line overlap; owner=42df169903; score=2
1537	1545	hunk	projects/hipblaslt/tensilelite/tensilelite/Tests/unit/test_gfx1250_asic_revision.py	current-stack-commit	42df169903d1ddaf061e013af4367dc4dec5b0ea	2-fix(tensilelite): complete moved package consumer closure	2-fix-tensilelite-complete-moved-package-consumer-closure.patch	188	196	exact changed-line overlap; owner=42df169903; score=2
1546	1554	hunk	projects/hipblaslt/tensilelite/tensilelite/Tests/unit/test_gfx1250_asic_revision.py	current-stack-commit	42df169903d1ddaf061e013af4367dc4dec5b0ea	2-fix(tensilelite): complete moved package consumer closure	2-fix-tensilelite-complete-moved-package-consumer-closure.patch	197	205	exact changed-line overlap; owner=42df169903; score=2
1555	1563	hunk	projects/hipblaslt/tensilelite/tensilelite/Tests/unit/test_gfx1250_asic_revision.py	current-stack-commit	ca4af3392a160eda1fd5d839d507c7a80780f094	3-fix(tensilelite): update consumers for lower-case internal modules	3-fix-tensilelite-update-consumers-for-lower-case-internal-modules.patch	235	243	exact changed-line overlap; owner=ca4af3392a; candidates=1:ca4af3392a,1:42df169903
1564	1572	hunk	projects/hipblaslt/tensilelite/tensilelite/Tests/unit/test_gfx1250_asic_revision.py	current-stack-commit	42df169903d1ddaf061e013af4367dc4dec5b0ea	2-fix(tensilelite): complete moved package consumer closure	2-fix-tensilelite-complete-moved-package-consumer-closure.patch	206	214	exact changed-line overlap; owner=42df169903; score=2
1573	1583	hunk	projects/hipblaslt/tensilelite/tensilelite/Tests/unit/test_gfx1250_asic_revision.py	current-stack-commit	42df169903d1ddaf061e013af4367dc4dec5b0ea	2-fix(tensilelite): complete moved package consumer closure	2-fix-tensilelite-complete-moved-package-consumer-closure.patch	215	225	exact changed-line overlap; owner=42df169903; candidates=3:42df169903,1:ca4af3392a
1584	1587	file-header	projects/hipblaslt/tensilelite/tensilelite/__init__.py	current-stack-commit	1a1d3704daed96ba2433341accce35a4ef384abd	13-refactor(tensilelite): activate installed runtime and retire source entrypoints	13-refactor-tensilelite-activate-installed-runtime-and-retire-source-entrypoints.patch	107	110	canonical original file header; repeated in other owner files only as patch scaffolding
1588	1594	hunk	projects/hipblaslt/tensilelite/tensilelite/__init__.py	current-stack-commit	1a1d3704daed96ba2433341accce35a4ef384abd	13-refactor(tensilelite): activate installed runtime and retire source entrypoints	13-refactor-tensilelite-activate-installed-runtime-and-retire-source-entrypoints.patch	111	117	exact changed-line overlap; owner=1a1d3704da; score=1
1595	1598	file-header	projects/hipblaslt/tensilelite/tensilelite/tensilelite.py	current-stack-commit	5ac5a9cfbf1503aed524c0f27b62865f4e1e410e	15-docs(tensilelite): finalize installed workflow guidance	15-docs-tensilelite-finalize-installed-workflow-guidance.patch	122	125	canonical original file header; repeated in other owner files only as patch scaffolding
1599	1607	hunk	projects/hipblaslt/tensilelite/tensilelite/tensilelite.py	current-stack-commit	5ac5a9cfbf1503aed524c0f27b62865f4e1e410e	15-docs(tensilelite): finalize installed workflow guidance	15-docs-tensilelite-finalize-installed-workflow-guidance.patch	126	134	exact changed-line overlap; owner=5ac5a9cfbf; candidates=2:5ac5a9cfbf,2:ca4af3392a
1608	1611	file-header	projects/hipblaslt/tensilelite/tensilelite/tensilelite_create_library/run.py	current-stack-commit	210ae6d7986d819614ce56491fc99d5ed9e7daba	14-refactor(tensilelite): finalize generator and metadata cleanup	14-refactor-tensilelite-finalize-generator-and-metadata-cleanup.patch	40	43	canonical original file header; repeated in other owner files only as patch scaffolding
1612	1619	hunk	projects/hipblaslt/tensilelite/tensilelite/tensilelite_create_library/run.py	current-stack-commit	210ae6d7986d819614ce56491fc99d5ed9e7daba	14-refactor(tensilelite): finalize generator and metadata cleanup	14-refactor-tensilelite-finalize-generator-and-metadata-cleanup.patch	44	51	exact changed-line overlap; owner=210ae6d798; score=1
1620	1695	hunk	projects/hipblaslt/tensilelite/tensilelite/tensilelite_create_library/run.py	unattributed	-	unattributed vs original: no current stack commit	unattributed-vs-original-no-current-stack-commit.patch	18	93	no current-stack commit: original contains duplicate license blocks absent from shared PR 1 and the rebuilt stack
1696	1699	file-header	projects/hipblaslt/utilities/geko/README.md	current-stack-commit	32eb3a848560df093aa29c76f049ea051264e382	13-docs(geko): describe installed TensileLite workflows	13-docs-geko-describe-installed-tensilelite-workflows.patch	1	4	canonical original file header; repeated in other owner files only as patch scaffolding
1700	1732	hunk	projects/hipblaslt/utilities/geko/README.md	current-stack-commit	32eb3a848560df093aa29c76f049ea051264e382	13-docs(geko): describe installed TensileLite workflows	13-docs-geko-describe-installed-tensilelite-workflows.patch	5	37	exact changed-line overlap; owner=32eb3a8485; score=16
1733	1742	hunk	projects/hipblaslt/utilities/geko/README.md	current-stack-commit	32eb3a848560df093aa29c76f049ea051264e382	13-docs(geko): describe installed TensileLite workflows	13-docs-geko-describe-installed-tensilelite-workflows.patch	38	47	exact changed-line overlap; owner=32eb3a8485; score=2
1743	1746	file-header	projects/hipblaslt/utilities/geko/geko/config_generator/README.md	current-stack-commit	32eb3a848560df093aa29c76f049ea051264e382	13-docs(geko): describe installed TensileLite workflows	13-docs-geko-describe-installed-tensilelite-workflows.patch	48	51	canonical original file header; repeated in other owner files only as patch scaffolding
1747	1755	hunk	projects/hipblaslt/utilities/geko/geko/config_generator/README.md	current-stack-commit	32eb3a848560df093aa29c76f049ea051264e382	13-docs(geko): describe installed TensileLite workflows	13-docs-geko-describe-installed-tensilelite-workflows.patch	52	60	exact changed-line overlap; owner=32eb3a8485; score=1
1756	1759	file-header	projects/hipblaslt/utilities/geko/geko/library/operations.py	current-stack-commit	cc433700a953a6434a6c83027563b54b70677cb1	13-refactor(geko): use installed TensileLite interfaces	13-refactor-geko-use-installed-tensilelite-interfaces.patch	1	4	canonical original file header; repeated in other owner files only as patch scaffolding
1760	1771	hunk	projects/hipblaslt/utilities/geko/geko/library/operations.py	current-stack-commit	cc433700a953a6434a6c83027563b54b70677cb1	13-refactor(geko): use installed TensileLite interfaces	13-refactor-geko-use-installed-tensilelite-interfaces.patch	5	16	exact changed-line overlap; owner=cc433700a9; score=4
1772	1789	hunk	projects/hipblaslt/utilities/geko/geko/library/operations.py	current-stack-commit	cc433700a953a6434a6c83027563b54b70677cb1	13-refactor(geko): use installed TensileLite interfaces	13-refactor-geko-use-installed-tensilelite-interfaces.patch	17	34	exact changed-line overlap; owner=cc433700a9; score=3
1790	1793	file-header	projects/hipblaslt/utilities/geko/geko/utils.py	current-stack-commit	8eeb8315396156bd61a992de6ca29e211d964694	13-fix(geko): install and bind the built TensileLite client	13-fix-geko-install-and-bind-the-built-tensilelite-client.patch	1	4	canonical original file header; repeated in other owner files only as patch scaffolding
1794	1801	hunk	projects/hipblaslt/utilities/geko/geko/utils.py	current-stack-commit	8eeb8315396156bd61a992de6ca29e211d964694	13-fix(geko): install and bind the built TensileLite client	13-fix-geko-install-and-bind-the-built-tensilelite-client.patch	5	12	exact changed-line overlap; owner=8eeb831539; score=1
1802	1812	hunk	projects/hipblaslt/utilities/geko/geko/utils.py	current-stack-commit	8eeb8315396156bd61a992de6ca29e211d964694	13-fix(geko): install and bind the built TensileLite client	13-fix-geko-install-and-bind-the-built-tensilelite-client.patch	13	23	exact changed-line overlap; owner=8eeb831539; score=4
1813	1820	hunk	projects/hipblaslt/utilities/geko/geko/utils.py	current-stack-commit	8eeb8315396156bd61a992de6ca29e211d964694	13-fix(geko): install and bind the built TensileLite client	13-fix-geko-install-and-bind-the-built-tensilelite-client.patch	24	31	exact changed-line overlap; owner=8eeb831539; score=1
1821	1830	hunk	projects/hipblaslt/utilities/geko/geko/utils.py	current-stack-commit	8eeb8315396156bd61a992de6ca29e211d964694	13-fix(geko): install and bind the built TensileLite client	13-fix-geko-install-and-bind-the-built-tensilelite-client.patch	32	41	exact changed-line overlap; owner=8eeb831539; score=2
1831	1861	hunk	projects/hipblaslt/utilities/geko/geko/utils.py	current-stack-commit	8eeb8315396156bd61a992de6ca29e211d964694	13-fix(geko): install and bind the built TensileLite client	13-fix-geko-install-and-bind-the-built-tensilelite-client.patch	42	72	exact changed-line overlap; owner=8eeb831539; score=22
1862	1865	file-header	projects/hipblaslt/utilities/geko/tests/conftest.py	current-stack-commit	cc433700a953a6434a6c83027563b54b70677cb1	13-refactor(geko): use installed TensileLite interfaces	13-refactor-geko-use-installed-tensilelite-interfaces.patch	35	38	canonical original file header; repeated in other owner files only as patch scaffolding
1866	1873	hunk	projects/hipblaslt/utilities/geko/tests/conftest.py	current-stack-commit	cc433700a953a6434a6c83027563b54b70677cb1	13-refactor(geko): use installed TensileLite interfaces	13-refactor-geko-use-installed-tensilelite-interfaces.patch	39	46	exact changed-line overlap; owner=cc433700a9; score=1
1874	1904	hunk	projects/hipblaslt/utilities/geko/tests/conftest.py	current-stack-commit	cc433700a953a6434a6c83027563b54b70677cb1	13-refactor(geko): use installed TensileLite interfaces	13-refactor-geko-use-installed-tensilelite-interfaces.patch	47	77	exact changed-line overlap; owner=cc433700a9; score=22
1905	1908	file-header	projects/hipblaslt/utilities/geko/tests/test_library_operations_unit.py	current-stack-commit	cc433700a953a6434a6c83027563b54b70677cb1	13-refactor(geko): use installed TensileLite interfaces	13-refactor-geko-use-installed-tensilelite-interfaces.patch	78	81	canonical original file header; repeated in other owner files only as patch scaffolding
1909	1925	hunk	projects/hipblaslt/utilities/geko/tests/test_library_operations_unit.py	current-stack-commit	cc433700a953a6434a6c83027563b54b70677cb1	13-refactor(geko): use installed TensileLite interfaces	13-refactor-geko-use-installed-tensilelite-interfaces.patch	82	98	exact changed-line overlap; owner=cc433700a9; score=2
1926	1937	hunk	projects/hipblaslt/utilities/geko/tests/test_library_operations_unit.py	current-stack-commit	cc433700a953a6434a6c83027563b54b70677cb1	13-refactor(geko): use installed TensileLite interfaces	13-refactor-geko-use-installed-tensilelite-interfaces.patch	99	110	exact changed-line overlap; owner=cc433700a9; score=5
1938	1941	file-header	projects/hipblaslt/utilities/geko/tests/test_utils_unit.py	current-stack-commit	8eeb8315396156bd61a992de6ca29e211d964694	13-fix(geko): install and bind the built TensileLite client	13-fix-geko-install-and-bind-the-built-tensilelite-client.patch	73	76	canonical original file header; repeated in other owner files only as patch scaffolding
1942	1961	hunk	projects/hipblaslt/utilities/geko/tests/test_utils_unit.py	current-stack-commit	8eeb8315396156bd61a992de6ca29e211d964694	13-fix(geko): install and bind the built TensileLite client	13-fix-geko-install-and-bind-the-built-tensilelite-client.patch	77	96	exact changed-line overlap; owner=8eeb831539; candidates=7:8eeb831539,3:cc433700a9
1962	2035	hunk	projects/hipblaslt/utilities/geko/tests/test_utils_unit.py	current-stack-commit	8eeb8315396156bd61a992de6ca29e211d964694	13-fix(geko): install and bind the built TensileLite client	13-fix-geko-install-and-bind-the-built-tensilelite-client.patch	97	170	exact changed-line overlap; owner=8eeb831539; candidates=58:8eeb831539,1:cc433700a9
